crop_name,country_code,adm_id,season_name,planting_year,planting_date,harvest_year,harvest_date,yield,production,planted_area,harvest_area
winter_wheat,CN,CN011,,,,2022,,5.293,93300.0,17630.0,
winter_wheat,CN,CN012,,,,2022,,6.244,593900.0,95110.0,
winter_wheat,CN,CN013,,,,2022,,6.578,14599000.0,2219330.0,
winter_wheat,CN,CN014,,,,2022,,4.582,2451100.0,534880.0,
winter_wheat,CN,CN031,,,,2022,,6.976,107100.0,15360.0,
winter_wheat,CN,CN032,,,,2022,,5.745,13657400.0,2377270.0,
winter_wheat,CN,CN033,,,,2022,,4.23,552600.0,130640.0,
winter_wheat,CN,CN034,,,,2022,,6.044,17222700.0,2849370.0,
winter_wheat,CN,CN035,,,,2022,,2.58,200.0,60.0,
winter_wheat,CN,CN036,,,,2022,,2.583,31000.0,12000.0,
winter_wheat,CN,CN037,,,,2022,,6.597,26411900.0,4003550.0,
winter_wheat,CN,CN041,,,,2022,,6.71,38127100.0,5682450.0,
winter_wheat,CN,CN042,,,,2022,,3.933,4055700.0,1031260.0,
winter_wheat,CN,CN043,,,,2022,,3.391,75900.0,22380.0,
winter_wheat,CN,CN044,,,,2022,,3.523,1500.0,420.0,
winter_wheat,CN,CN045,,,,2022,,1.779,7900.0,4440.0,
winter_wheat,CN,CN050,,,,2022,,3.33,62800.0,18850.0,
winter_wheat,CN,CN051,,,,2022,,4.26,2475900.0,581200.0,
winter_wheat,CN,CN052,,,,2022,,2.526,288600.0,114250.0,
winter_wheat,CN,CN053,,,,2022,,2.231,595100.0,266760.0,
winter_wheat,CN,CN054,,,,2022,,5.889,123000.0,20890.0,
winter_wheat,CN,CN061,,,,2022,,4.486,4297800.0,958010.0,
winter_wheat,CN,CN062,,,,2022,,3.499,1834300.0,524200.0,
winter_wheat,CN,CN064,,,,2022,,1.678,50900.0,30330.0,
winter_wheat,CN,CN065,,,,2022,,5.678,4716400.0,830690.0,
winter_wheat,CN,CN011,,,,2021,,5.246,68200.0,13000.0,
winter_wheat,CN,CN012,,,,2021,,6.162,629800.0,102210.0,
winter_wheat,CN,CN013,,,,2021,,6.548,14621900.0,2233000.0,
winter_wheat,CN,CN014,,,,2021,,4.533,2432600.0,536650.0,
winter_wheat,CN,CN031,,,,2021,,6.741,73500.0,10910.0,
winter_wheat,CN,CN032,,,,2021,,5.692,13422200.0,2357870.0,
winter_wheat,CN,CN033,,,,2021,,4.21,483400.0,114810.0,
winter_wheat,CN,CN034,,,,2021,,5.972,16997300.0,2846000.0,
winter_wheat,CN,CN035,,,,2021,,2.606,200.0,70.0,
winter_wheat,CN,CN036,,,,2021,,2.375,32300.0,13600.0,
winter_wheat,CN,CN037,,,,2021,,6.602,26366600.0,3994030.0,
winter_wheat,CN,CN041,,,,2021,,6.683,38028100.0,5690690.0,
winter_wheat,CN,CN042,,,,2021,,3.796,3993400.0,1052060.0,
winter_wheat,CN,CN043,,,,2021,,3.33,77800.0,23360.0,
winter_wheat,CN,CN044,,,,2021,,3.667,900.0,250.0,
winter_wheat,CN,CN045,,,,2021,,1.652,6300.0,3810.0,
winter_wheat,CN,CN050,,,,2021,,3.291,61500.0,18680.0,
winter_wheat,CN,CN051,,,,2021,,4.23,2432000.0,575000.0,
winter_wheat,CN,CN052,,,,2021,,2.458,332500.0,135300.0,
winter_wheat,CN,CN053,,,,2021,,2.127,619200.0,291130.0,
winter_wheat,CN,CN054,,,,2021,,6.213,130400.0,20980.0,
winter_wheat,CN,CN061,,,,2021,,4.446,4246000.0,955070.0,
winter_wheat,CN,CN062,,,,2021,,3.447,1812400.0,525840.0,
winter_wheat,CN,CN064,,,,2021,,1.911,73900.0,38670.0,
winter_wheat,CN,CN065,,,,2021,,5.634,4821000.0,855720.0,
winter_wheat,CN,CN011,,,,2020,,5.527,45300.0,8200.0,
winter_wheat,CN,CN012,,,,2020,,6.172,549100.0,88960.0,
winter_wheat,CN,CN013,,,,2020,,6.501,14325800.0,2203480.0,
winter_wheat,CN,CN014,,,,2020,,4.413,2363400.0,535600.0,
winter_wheat,CN,CN031,,,,2020,,7.003,52600.0,7510.0,
winter_wheat,CN,CN032,,,,2020,,5.703,13338700.0,2338890.0,
winter_wheat,CN,CN033,,,,2020,,4.37,407900.0,93360.0,
winter_wheat,CN,CN034,,,,2020,,5.917,16717300.0,2825200.0,
winter_wheat,CN,CN035,,,,2020,,2.649,200.0,80.0,
winter_wheat,CN,CN036,,,,2020,,2.292,33000.0,14400.0,
winter_wheat,CN,CN037,,,,2020,,6.529,25688500.0,3934430.0,
winter_wheat,CN,CN041,,,,2020,,6.615,37531300.0,5673670.0,
winter_wheat,CN,CN042,,,,2020,,3.885,4006600.0,1031380.0,
winter_wheat,CN,CN043,,,,2020,,3.342,77700.0,23250.0,
winter_wheat,CN,CN044,,,,2020,,3.684,1400.0,380.0,
winter_wheat,CN,CN045,,,,2020,,1.618,6300.0,3860.0,
winter_wheat,CN,CN050,,,,2020,,3.287,60900.0,18520.0,
winter_wheat,CN,CN051,,,,2020,,4.155,2443000.0,588000.0,
winter_wheat,CN,CN052,,,,2020,,2.417,333700.0,138050.0,
winter_wheat,CN,CN053,,,,2020,,2.178,697000.0,320000.0,
winter_wheat,CN,CN054,,,,2020,,5.908,122500.0,20740.0,
winter_wheat,CN,CN061,,,,2020,,4.286,4132500.0,964190.0,
winter_wheat,CN,CN062,,,,2020,,3.294,1717800.0,521450.0,
winter_wheat,CN,CN064,,,,2020,,2.217,117400.0,52950.0,
winter_wheat,CN,CN065,,,,2020,,5.47,4106200.0,750670.0,
winter_wheat,CN,CN011,,,,2019,,5.494,43900.0,8000.0,
winter_wheat,CN,CN012,,,,2019,,6.133,515700.0,84090.0,
winter_wheat,CN,CN013,,,,2019,,6.306,14548400.0,2307070.0,
winter_wheat,CN,CN014,,,,2019,,4.137,2262100.0,546800.0,
winter_wheat,CN,CN031,,,,2019,,5.801,58000.0,9990.0,
winter_wheat,CN,CN032,,,,2019,,5.614,13175100.0,2346930.0,
winter_wheat,CN,CN033,,,,2019,,3.917,323800.0,82660.0,
winter_wheat,CN,CN034,,,,2019,,5.843,16568900.0,2835600.0,
winter_wheat,CN,CN035,,,,2019,,2.662,300.0,110.0,
winter_wheat,CN,CN036,,,,2019,,2.111,30400.0,14400.0,
winter_wheat,CN,CN037,,,,2019,,6.38,25529200.0,4001750.0,
winter_wheat,CN,CN041,,,,2019,,6.557,37417700.0,5706650.0,
winter_wheat,CN,CN042,,,,2019,,3.839,3906800.0,1017740.0,
winter_wheat,CN,CN043,,,,2019,,3.371,75400.0,22370.0,
winter_wheat,CN,CN044,,,,2019,,3.571,1500.0,420.0,
winter_wheat,CN,CN045,,,,2019,,1.584,4800.0,3030.0,
winter_wheat,CN,CN050,,,,2019,,3.288,69100.0,21030.0,
winter_wheat,CN,CN051,,,,2019,,4.05,2438100.0,602000.0,
winter_wheat,CN,CN052,,,,2019,,2.403,329800.0,137220.0,
winter_wheat,CN,CN053,,,,2019,,2.186,719000.0,328900.0,
winter_wheat,CN,CN054,,,,2019,,5.949,128800.0,21650.0,
winter_wheat,CN,CN061,,,,2019,,3.955,3820400.0,965930.0,
winter_wheat,CN,CN062,,,,2019,,3.28,1744400.0,531750.0,
winter_wheat,CN,CN064,,,,2019,,2.173,116100.0,53420.0,
winter_wheat,CN,CN065,,,,2019,,5.386,3903900.0,724760.0,
winter_wheat,CN,CN011,,,,2018,,5.371,52300.0,9750.0,
winter_wheat,CN,CN012,,,,2018,,5.19,498500.0,96040.0,
winter_wheat,CN,CN013,,,,2018,,6.159,14460900.0,2347930.0,
winter_wheat,CN,CN014,,,,2018,,4.08,2285900.0,560270.0,
winter_wheat,CN,CN031,,,,2018,,6.082,129800.0,21340.0,
winter_wheat,CN,CN032,,,,2018,,5.362,12891200.0,2403960.0,
winter_wheat,CN,CN033,,,,2018,,4.193,357900.0,85360.0,
winter_wheat,CN,CN034,,,,2018,,5.589,16074500.0,2875860.0,
winter_wheat,CN,CN035,,,,2018,,2.808,500.0,190.0,
winter_wheat,CN,CN036,,,,2018,,2.168,31700.0,14620.0,
winter_wheat,CN,CN037,,,,2018,,6.09,24716800.0,4058590.0,
winter_wheat,CN,CN041,,,,2018,,6.277,36028500.0,5739850.0,
winter_wheat,CN,CN042,,,,2018,,3.714,4103700.0,1104960.0,
winter_wheat,CN,CN043,,,,2018,,3.43,80100.0,23350.0,
winter_wheat,CN,CN044,,,,2018,,3.571,1500.0,420.0,
winter_wheat,CN,CN045,,,,2018,,1.667,5000.0,3000.0,
winter_wheat,CN,CN050,,,,2018,,3.289,81500.0,24790.0,
winter_wheat,CN,CN051,,,,2018,,3.915,2447000.0,625000.0,
winter_wheat,CN,CN052,,,,2018,,2.343,331800.0,141620.0,
winter_wheat,CN,CN053,,,,2018,,2.19,742800.0,339200.0,
winter_wheat,CN,CN054,,,,2018,,6.164,143900.0,23350.0,
winter_wheat,CN,CN061,,,,2018,,4.149,4013400.0,967310.0,
winter_wheat,CN,CN062,,,,2018,,3.106,1719700.0,553730.0,
winter_wheat,CN,CN064,,,,2018,,1.989,124200.0,62430.0,
winter_wheat,CN,CN065,,,,2018,,5.601,3682000.0,657400.0,
winter_wheat,CN,CN011,,,,2017,,5.504,61600.0,11200.0,
winter_wheat,CN,CN012,,,,2017,,5.812,556400.0,95730.0,
winter_wheat,CN,CN013,,,,2017,,6.342,14993800.0,2364090.0,
winter_wheat,CN,CN014,,,,2017,,4.146,2324000.0,560530.0,
winter_wheat,CN,CN031,,,,2017,,4.846,101800.0,21010.0,
winter_wheat,CN,CN032,,,,2017,,5.369,12954700.0,2412750.0,
winter_wheat,CN,CN033,,,,2017,,4.043,419200.0,103670.0,
winter_wheat,CN,CN034,,,,2017,,5.826,16444700.0,2822790.0,
winter_wheat,CN,CN035,,,,2017,,2.845,600.0,200.0,
winter_wheat,CN,CN036,,,,2017,,2.137,31000.0,14510.0,
winter_wheat,CN,CN037,,,,2017,,6.11,24951100.0,4083870.0,
winter_wheat,CN,CN041,,,,2017,,6.484,37052100.0,5714640.0,
winter_wheat,CN,CN042,,,,2017,,3.702,4269000.0,1153220.0,
winter_wheat,CN,CN043,,,,2017,,3.391,96100.0,28340.0,
winter_wheat,CN,CN044,,,,2017,,3.192,1500.0,460.0,
winter_wheat,CN,CN045,,,,2017,,1.655,5100.0,3080.0,
winter_wheat,CN,CN050,,,,2017,,3.246,97800.0,30130.0,
winter_wheat,CN,CN051,,,,2017,,3.876,2488000.0,641890.0,
winter_wheat,CN,CN052,,,,2017,,2.641,412000.0,155970.0,
winter_wheat,CN,CN053,,,,2017,,2.144,736800.0,343680.0,
winter_wheat,CN,CN054,,,,2017,,6.051,155800.0,25760.0,
winter_wheat,CN,CN061,,,,2017,,4.22,4064100.0,963150.0,
winter_wheat,CN,CN062,,,,2017,,3.062,1742800.0,569090.0,
winter_wheat,CN,CN064,,,,2017,,1.622,92800.0,57200.0,
winter_wheat,CN,CN065,,,,2017,,5.409,3888100.0,718830.0,
winter_wheat,CN,CN011,,,,2016,,5.377,85400.0,15880.0,
winter_wheat,CN,CN012,,,,2016,,5.562,531500.0,95560.0,
winter_wheat,CN,CN013,,,,2016,,6.199,14753300.0,2380040.0,
winter_wheat,CN,CN014,,,,2016,,4.063,2291500.0,564000.0,
winter_wheat,CN,CN031,,,,2016,,3.71,132200.0,35640.0,
winter_wheat,CN,CN032,,,,2016,,5.112,12458100.0,2436810.0,
winter_wheat,CN,CN033,,,,2016,,3.315,282800.0,85320.0,
winter_wheat,CN,CN034,,,,2016,,5.664,16355000.0,2887590.0,
winter_wheat,CN,CN035,,,,2016,,2.827,600.0,210.0,
winter_wheat,CN,CN036,,,,2016,,2.114,30400.0,14390.0,
winter_wheat,CN,CN037,,,,2016,,6.121,24901100.0,4068000.0,
winter_wheat,CN,CN041,,,,2016,,6.343,36186200.0,5704910.0,
winter_wheat,CN,CN042,,,,2016,,3.864,4407400.0,1140670.0,
winter_wheat,CN,CN043,,,,2016,,3.072,70000.0,22790.0,
winter_wheat,CN,CN044,,,,2016,,3.297,3000.0,900.0,
winter_wheat,CN,CN045,,,,2016,,1.641,5300.0,3200.0,
winter_wheat,CN,CN050,,,,2016,,3.283,112800.0,34340.0,
winter_wheat,CN,CN051,,,,2016,,3.815,2566900.0,672800.0,
winter_wheat,CN,CN052,,,,2016,,2.472,418200.0,169190.0,
winter_wheat,CN,CN053,,,,2016,,2.078,715200.0,344240.0,
winter_wheat,CN,CN054,,,,2016,,6.62,212800.0,32150.0,
winter_wheat,CN,CN061,,,,2016,,4.111,4031800.0,980780.0,
winter_wheat,CN,CN062,,,,2016,,3.033,1732700.0,571210.0,
winter_wheat,CN,CN064,,,,2016,,1.925,106000.0,55070.0,
winter_wheat,CN,CN065,,,,2016,,5.532,4218500.0,762580.0,
winter_wheat,CN,CN011,,,,2015,,5.357,110900.0,20700.0,
winter_wheat,CN,CN012,,,,2015,,5.55,524900.0,94570.0,
winter_wheat,CN,CN013,,,,2015,,6.199,14777000.0,2383680.0,
winter_wheat,CN,CN014,,,,2015,,4.02,2313900.0,575600.0,
winter_wheat,CN,CN031,,,,2015,,4.381,207100.0,47270.0,
winter_wheat,CN,CN032,,,,2015,,5.181,12489600.0,2410660.0,
winter_wheat,CN,CN033,,,,2015,,3.909,386800.0,98960.0,
winter_wheat,CN,CN034,,,,2015,,5.812,16610500.0,2857970.0,
winter_wheat,CN,CN035,,,,2015,,2.919,800.0,280.0,
winter_wheat,CN,CN036,,,,2015,,1.995,25700.0,12860.0,
winter_wheat,CN,CN037,,,,2015,,5.928,23916900.0,4034780.0,
winter_wheat,CN,CN041,,,,2015,,6.272,35269000.0,5623140.0,
winter_wheat,CN,CN042,,,,2015,,3.85,4319900.0,1122150.0,
winter_wheat,CN,CN043,,,,2015,,3.183,108400.0,34050.0,
winter_wheat,CN,CN044,,,,2015,,3.309,3000.0,900.0,
winter_wheat,CN,CN045,,,,2015,,1.653,4500.0,2730.0,
winter_wheat,CN,CN050,,,,2015,,3.222,132500.0,41110.0,
winter_wheat,CN,CN051,,,,2015,,3.83,2815800.0,735210.0,
winter_wheat,CN,CN052,,,,2015,,3.625,653900.0,180400.0,
winter_wheat,CN,CN053,,,,2015,,2.094,746700.0,356620.0,
winter_wheat,CN,CN054,,,,2015,,6.997,185700.0,26540.0,
winter_wheat,CN,CN061,,,,2015,,4.22,4230700.0,1002600.0,
winter_wheat,CN,CN062,,,,2015,,3.04,1747100.0,574660.0,
winter_wheat,CN,CN064,,,,2015,,1.87,103100.0,55100.0,
winter_wheat,CN,CN065,,,,2015,,6.142,4563800.0,743100.0,
winter_wheat,CN,CN011,,,,2014,,5.178,121900.0,23550.0,
winter_wheat,CN,CN012,,,,2014,,5.387,520900.0,96700.0,
winter_wheat,CN,CN013,,,,2014,,6.011,14413500.0,2397780.0,
winter_wheat,CN,CN014,,,,2014,,3.84,2245500.0,584770.0,
winter_wheat,CN,CN031,,,,2014,,4.244,198300.0,46730.0,
winter_wheat,CN,CN032,,,,2014,,5.162,12254700.0,2374130.0,
winter_wheat,CN,CN033,,,,2014,,3.769,337400.0,89530.0,
winter_wheat,CN,CN034,,,,2014,,5.642,15811100.0,2802500.0,
winter_wheat,CN,CN035,,,,2014,,2.931,1100.0,380.0,
winter_wheat,CN,CN036,,,,2014,,2.048,26100.0,12730.0,
winter_wheat,CN,CN037,,,,2014,,5.925,23255700.0,3924810.0,
winter_wheat,CN,CN041,,,,2014,,6.065,33852000.0,5581240.0,
winter_wheat,CN,CN042,,,,2014,,3.924,4314300.0,1099380.0,
winter_wheat,CN,CN043,,,,2014,,3.377,117800.0,34880.0,
winter_wheat,CN,CN044,,,,2014,,3.214,3000.0,920.0,
winter_wheat,CN,CN045,,,,2014,,1.345,1100.0,820.0,
winter_wheat,CN,CN050,,,,2014,,3.072,159600.0,51950.0,
winter_wheat,CN,CN051,,,,2014,,3.679,2950000.0,801820.0,
winter_wheat,CN,CN052,,,,2014,,3.449,652100.0,189070.0,
winter_wheat,CN,CN053,,,,2014,,1.924,710800.0,369360.0,
winter_wheat,CN,CN054,,,,2014,,6.748,185700.0,27520.0,
winter_wheat,CN,CN061,,,,2014,,3.853,3855400.0,1000600.0,
winter_wheat,CN,CN062,,,,2014,,3.038,1774700.0,584070.0,
winter_wheat,CN,CN064,,,,2014,,1.838,105400.0,57360.0,
winter_wheat,CN,CN065,,,,2014,,6.102,4441600.0,727910.0,
winter_wheat,CN,CN011,,,,2013,,5.172,187200.0,36200.0,
winter_wheat,CN,CN012,,,,2013,,5.263,512600.0,97410.0,
winter_wheat,CN,CN013,,,,2013,,5.849,14168200.0,2422390.0,
winter_wheat,CN,CN014,,,,2013,,3.405,2037300.0,598340.0,
winter_wheat,CN,CN031,,,,2013,,3.976,185100.0,46550.0,
winter_wheat,CN,CN032,,,,2013,,4.959,11625600.0,2344300.0,
winter_wheat,CN,CN033,,,,2013,,3.685,300100.0,81450.0,
winter_wheat,CN,CN034,,,,2013,,5.214,14605900.0,2801220.0,
winter_wheat,CN,CN035,,,,2013,,2.94,1400.0,480.0,
winter_wheat,CN,CN036,,,,2013,,2.047,25800.0,12580.0,
winter_wheat,CN,CN037,,,,2013,,5.91,22643200.0,3831410.0,
winter_wheat,CN,CN041,,,,2013,,5.919,32663300.0,5517980.0,
winter_wheat,CN,CN042,,,,2013,,3.807,4252900.0,1117110.0,
winter_wheat,CN,CN043,,,,2013,,3.396,122900.0,36190.0,
winter_wheat,CN,CN044,,,,2013,,3.429,3200.0,920.0,
winter_wheat,CN,CN045,,,,2013,,1.404,1500.0,1100.0,
winter_wheat,CN,CN050,,,,2013,,3.098,200600.0,64730.0,
winter_wheat,CN,CN051,,,,2013,,3.558,3079800.0,865520.0,
winter_wheat,CN,CN052,,,,2013,,2.784,546200.0,196150.0,
winter_wheat,CN,CN053,,,,2013,,1.842,721300.0,391660.0,
winter_wheat,CN,CN054,,,,2013,,6.69,187600.0,28040.0,
winter_wheat,CN,CN061,,,,2013,,3.56,3637600.0,1021660.0,
winter_wheat,CN,CN062,,,,2013,,2.611,1505700.0,576660.0,
winter_wheat,CN,CN064,,,,2013,,1.798,120400.0,66970.0,
winter_wheat,CN,CN065,,,,2013,,6.117,4301400.0,703130.0,
winter_wheat,CN,CN011,,,,2012,,5.258,274400.0,52180.0,
winter_wheat,CN,CN012,,,,2012,,4.973,512400.0,103040.0,
winter_wheat,CN,CN013,,,,2012,,5.559,13627900.0,2451370.0,
winter_wheat,CN,CN014,,,,2012,,3.765,2331500.0,619250.0,
winter_wheat,CN,CN031,,,,2012,,3.984,231100.0,58020.0,
winter_wheat,CN,CN032,,,,2012,,4.918,11332500.0,2304380.0,
winter_wheat,CN,CN033,,,,2012,,3.638,289100.0,79470.0,
winter_wheat,CN,CN034,,,,2012,,5.206,14232800.0,2733930.0,
winter_wheat,CN,CN035,,,,2012,,2.874,1900.0,650.0,
winter_wheat,CN,CN036,,,,2012,,1.934,24500.0,12660.0,
winter_wheat,CN,CN037,,,,2012,,5.905,22196800.0,3759260.0,
winter_wheat,CN,CN041,,,,2012,,5.894,32230700.0,5468800.0,
winter_wheat,CN,CN042,,,,2012,,3.48,3772500.0,1084080.0,
winter_wheat,CN,CN043,,,,2012,,2.43,94500.0,38890.0,
winter_wheat,CN,CN044,,,,2012,,3.214,3000.0,920.0,
winter_wheat,CN,CN045,,,,2012,,1.314,1300.0,990.0,
winter_wheat,CN,CN050,,,,2012,,3.03,238900.0,78840.0,
winter_wheat,CN,CN051,,,,2012,,3.567,3282800.0,920240.0,
winter_wheat,CN,CN052,,,,2012,,2.649,555500.0,209720.0,
winter_wheat,CN,CN053,,,,2012,,1.997,805100.0,403200.0,
winter_wheat,CN,CN054,,,,2012,,6.517,184300.0,28280.0,
winter_wheat,CN,CN061,,,,2012,,3.862,4166200.0,1078720.0,
winter_wheat,CN,CN062,,,,2012,,3.01,1753400.0,582490.0,
winter_wheat,CN,CN064,,,,2012,,2.003,161300.0,80540.0,
winter_wheat,CN,CN065,,,,2012,,5.779,3986500.0,689790.0,
winter_wheat,CN,CN011,,,,2011,,4.883,283700.0,58100.0,
winter_wheat,CN,CN012,,,,2011,,4.88,498200.0,102090.0,
winter_wheat,CN,CN013,,,,2011,,5.326,12949200.0,2431320.0,
winter_wheat,CN,CN014,,,,2011,,3.39,2202400.0,649670.0,
winter_wheat,CN,CN031,,,,2011,,4.031,253600.0,62920.0,
winter_wheat,CN,CN032,,,,2011,,4.844,10877700.0,2245830.0,
winter_wheat,CN,CN033,,,,2011,,3.72,285200.0,76660.0,
winter_wheat,CN,CN034,,,,2011,,4.828,12945000.0,2681060.0,
winter_wheat,CN,CN035,,,,2011,,2.883,2600.0,900.0,
winter_wheat,CN,CN036,,,,2011,,2.002,23000.0,11500.0,
winter_wheat,CN,CN037,,,,2011,,5.801,21482300.0,3703370.0,
winter_wheat,CN,CN041,,,,2011,,5.792,31449000.0,5430110.0,
winter_wheat,CN,CN042,,,,2011,,3.402,3497800.0,1028320.0,
winter_wheat,CN,CN043,,,,2011,,2.521,110500.0,43840.0,
winter_wheat,CN,CN044,,,,2011,,3.02,3000.0,990.0,
winter_wheat,CN,CN045,,,,2011,,1.385,1400.0,1050.0,
winter_wheat,CN,CN050,,,,2011,,3.012,272700.0,90530.0,
winter_wheat,CN,CN051,,,,2011,,3.488,3431500.0,983770.0,
winter_wheat,CN,CN052,,,,2011,,2.478,534200.0,215540.0,
winter_wheat,CN,CN053,,,,2011,,2.258,942200.0,417310.0,
winter_wheat,CN,CN054,,,,2011,,6.869,191700.0,27910.0,
winter_wheat,CN,CN061,,,,2011,,3.615,3937500.0,1089230.0,
winter_wheat,CN,CN062,,,,2011,,2.309,1385900.0,600210.0,
winter_wheat,CN,CN064,,,,2011,,1.8,163700.0,90950.0,
winter_wheat,CN,CN065,,,,2011,,5.93,4580400.0,772430.0,
winter_wheat,CN,CN011,,,,2010,,4.61,283800.0,61570.0,
winter_wheat,CN,CN012,,,,2010,,4.839,495500.0,102400.0,
winter_wheat,CN,CN013,,,,2010,,5.086,12447400.0,2447220.0,
winter_wheat,CN,CN014,,,,2010,,3.195,2166900.0,678210.0,
winter_wheat,CN,CN031,,,,2010,,3.897,205500.0,52730.0,
winter_wheat,CN,CN032,,,,2010,,4.816,10597000.0,2200200.0,
winter_wheat,CN,CN033,,,,2010,,3.73,257700.0,69090.0,
winter_wheat,CN,CN034,,,,2010,,4.743,12423700.0,2619180.0,
winter_wheat,CN,CN035,,,,2010,,2.84,4100.0,1460.0,
winter_wheat,CN,CN036,,,,2010,,1.847,19900.0,10770.0,
winter_wheat,CN,CN037,,,,2010,,5.78,21087900.0,3648700.0,
winter_wheat,CN,CN041,,,,2010,,5.818,31210000.0,5364560.0,
winter_wheat,CN,CN042,,,,2010,,3.43,3470500.0,1011700.0,
winter_wheat,CN,CN043,,,,2010,,2.521,105500.0,41850.0,
winter_wheat,CN,CN044,,,,2010,,2.872,2500.0,860.0,
winter_wheat,CN,CN045,,,,2010,,1.331,4200.0,3180.0,
winter_wheat,CN,CN050,,,,2010,,2.99,312400.0,104480.0,
winter_wheat,CN,CN051,,,,2010,,3.404,3526200.0,1035910.0,
winter_wheat,CN,CN052,,,,2010,,2.171,490900.0,226100.0,
winter_wheat,CN,CN053,,,,2010,,1.072,446900.0,416820.0,
winter_wheat,CN,CN054,,,,2010,,7.054,197800.0,28040.0,
winter_wheat,CN,CN061,,,,2010,,3.515,3935500.0,1119730.0,
winter_wheat,CN,CN062,,,,2010,,2.513,1500600.0,597230.0,
winter_wheat,CN,CN064,,,,2010,,1.923,182900.0,95120.0,
winter_wheat,CN,CN065,,,,2010,,5.648,4382600.0,776010.0,
winter_wheat,CN,CN011,,,,2009,,5.12,309500.0,60460.0,
winter_wheat,CN,CN012,,,,2009,,4.941,500600.0,101310.0,
winter_wheat,CN,CN013,,,,2009,,5.18,12402600.0,2394240.0,
winter_wheat,CN,CN014,,,,2009,,2.895,1995700.0,689350.0,
winter_wheat,CN,CN031,,,,2009,,3.838,239800.0,62480.0,
winter_wheat,CN,CN032,,,,2009,,4.835,10370700.0,2145150.0,
winter_wheat,CN,CN033,,,,2009,,3.85,240000.0,62360.0,
winter_wheat,CN,CN034,,,,2009,,4.558,11877500.0,2605800.0,
winter_wheat,CN,CN035,,,,2009,,2.93,5700.0,1940.0,
winter_wheat,CN,CN036,,,,2009,,1.874,18800.0,10020.0,
winter_wheat,CN,CN037,,,,2009,,5.775,20846200.0,3609820.0,
winter_wheat,CN,CN041,,,,2009,,5.805,30922000.0,5326400.0,
winter_wheat,CN,CN042,,,,2009,,3.339,3345500.0,1001980.0,
winter_wheat,CN,CN043,,,,2009,,2.25,67100.0,29830.0,
winter_wheat,CN,CN044,,,,2009,,2.857,2400.0,840.0,
winter_wheat,CN,CN045,,,,2009,,1.478,4800.0,3250.0,
winter_wheat,CN,CN050,,,,2009,,3.0,377400.0,125810.0,
winter_wheat,CN,CN051,,,,2009,,3.313,3627600.0,1095090.0,
winter_wheat,CN,CN052,,,,2009,,3.055,721600.0,236240.0,
winter_wheat,CN,CN053,,,,2009,,2.135,904200.0,423600.0,
winter_wheat,CN,CN054,,,,2009,,7.251,194700.0,26850.0,
winter_wheat,CN,CN061,,,,2009,,3.343,3741400.0,1119180.0,
winter_wheat,CN,CN062,,,,2009,,2.377,1475100.0,620490.0,
winter_wheat,CN,CN064,,,,2009,,1.946,191300.0,98310.0,
winter_wheat,CN,CN065,,,,2009,,5.88,4050300.0,688850.0,
winter_wheat,CN,CN011,,,,2008,,5.124,327400.0,63890.0,
winter_wheat,CN,CN012,,,,2008,,4.895,499600.0,102060.0,
winter_wheat,CN,CN013,,,,2008,,5.058,12283600.0,2428310.0,
winter_wheat,CN,CN014,,,,2008,,3.628,2440500.0,672610.0,
winter_wheat,CN,CN031,,,,2008,,4.12,189000.0,45890.0,
winter_wheat,CN,CN032,,,,2008,,4.815,10193300.0,2116990.0,
winter_wheat,CN,CN033,,,,2008,,3.903,216700.0,55530.0,
winter_wheat,CN,CN034,,,,2008,,5.068,12591700.0,2484420.0,
winter_wheat,CN,CN035,,,,2008,,3.33,9300.0,2810.0,
winter_wheat,CN,CN036,,,,2008,,1.79,18300.0,10220.0,
winter_wheat,CN,CN037,,,,2008,,5.714,20388400.0,3567920.0,
winter_wheat,CN,CN041,,,,2008,,5.727,30362000.0,5301950.0,
winter_wheat,CN,CN042,,,,2008,,3.29,3310900.0,1006350.0,
winter_wheat,CN,CN043,,,,2008,,2.355,33100.0,14050.0,
winter_wheat,CN,CN044,,,,2008,,2.885,2400.0,830.0,
winter_wheat,CN,CN045,,,,2008,,1.338,4300.0,3220.0,
winter_wheat,CN,CN050,,,,2008,,2.995,462300.0,154360.0,
winter_wheat,CN,CN051,,,,2008,,3.42,3950100.0,1154980.0,
winter_wheat,CN,CN052,,,,2008,,2.887,705500.0,244370.0,
winter_wheat,CN,CN053,,,,2008,,1.954,821100.0,420180.0,
winter_wheat,CN,CN054,,,,2008,,6.793,193000.0,28410.0,
winter_wheat,CN,CN061,,,,2008,,3.434,3838400.0,1117700.0,
winter_wheat,CN,CN062,,,,2008,,2.518,1550000.0,615680.0,
winter_wheat,CN,CN064,,,,2008,,1.812,166600.0,91930.0,
winter_wheat,CN,CN065,,,,2008,,5.781,2521400.0,436110.0,
winter_wheat,CN,CN011,,,,2007,,4.931,203900.0,41340.0,
winter_wheat,CN,CN012,,,,2007,,4.852,483400.0,99630.0,
winter_wheat,CN,CN013,,,,2007,,4.949,11959900.0,2416860.0,
winter_wheat,CN,CN014,,,,2007,,3.09,2161000.0,699310.0,
winter_wheat,CN,CN031,,,,2007,,3.9,154200.0,39540.0,
winter_wheat,CN,CN032,,,,2007,,4.776,9739000.0,2039300.0,
winter_wheat,CN,CN033,,,,2007,,3.731,185800.0,49790.0,
winter_wheat,CN,CN034,,,,2007,,4.819,11797800.0,2447980.0,
winter_wheat,CN,CN035,,,,2007,,3.332,11900.0,3580.0,
winter_wheat,CN,CN036,,,,2007,,1.773,19400.0,10970.0,
winter_wheat,CN,CN037,,,,2007,,5.671,20076200.0,3540330.0,
winter_wheat,CN,CN041,,,,2007,,5.652,29583100.0,5234080.0,
winter_wheat,CN,CN042,,,,2007,,3.222,3542300.0,1099410.0,
winter_wheat,CN,CN043,,,,2007,,2.358,32600.0,13830.0,
winter_wheat,CN,CN044,,,,2007,,3.0,3000.0,1000.0,
winter_wheat,CN,CN045,,,,2007,,1.539,5600.0,3620.0,
winter_wheat,CN,CN050,,,,2007,,2.967,529000.0,178280.0,
winter_wheat,CN,CN051,,,,2007,,3.462,4283800.0,1237430.0,
winter_wheat,CN,CN052,,,,2007,,2.901,679500.0,234200.0,
winter_wheat,CN,CN053,,,,2007,,2.137,903900.0,422950.0,
winter_wheat,CN,CN054,,,,2007,,7.219,206900.0,28660.0,
winter_wheat,CN,CN061,,,,2007,,3.137,3555700.0,1133350.0,
winter_wheat,CN,CN062,,,,2007,,1.976,1225000.0,619800.0,
winter_wheat,CN,CN064,,,,2007,,1.523,160200.0,105180.0,
winter_wheat,CN,CN065,,,,2007,,5.689,2516300.0,442330.0,
winter_wheat,CN,CN011,,,,2006,,4.758,300100.0,63070.0,
winter_wheat,CN,CN012,,,,2006,,4.84,488600.0,100960.0,
winter_wheat,CN,CN013,,,,2006,,4.751,11886400.0,2501640.0,
winter_wheat,CN,CN014,,,,2006,,3.443,2269200.0,659100.0,
winter_wheat,CN,CN031,,,,2006,,3.613,113400.0,31390.0,
winter_wheat,CN,CN032,,,,2006,,4.714,9016200.0,1912670.0,
winter_wheat,CN,CN033,,,,2006,,3.462,157300.0,45440.0,
winter_wheat,CN,CN034,,,,2006,,4.502,10390000.0,2307750.0,
winter_wheat,CN,CN035,,,,2006,,3.3,16000.0,4850.0,
winter_wheat,CN,CN036,,,,2006,,1.735,20400.0,11760.0,
winter_wheat,CN,CN037,,,,2006,,5.66,20128200.0,3555910.0,
winter_wheat,CN,CN041,,,,2006,,5.638,29365000.0,5208470.0,
winter_wheat,CN,CN042,,,,2006,,3.059,3111000.0,1016930.0,
winter_wheat,CN,CN043,,,,2006,,2.148,29000.0,13500.0,
winter_wheat,CN,CN044,,,,2006,,2.5,3000.0,1200.0,
winter_wheat,CN,CN045,,,,2006,,1.557,6100.0,3930.0,
winter_wheat,CN,CN050,,,,2006,,2.888,476000.0,164800.0,
winter_wheat,CN,CN051,,,,2006,,3.457,4423000.0,1279520.0,
winter_wheat,CN,CN052,,,,2006,,1.85,451300.0,243930.0,
winter_wheat,CN,CN053,,,,2006,,2.124,929700.0,437630.0,
winter_wheat,CN,CN054,,,,2006,,6.978,209200.0,29980.0,
winter_wheat,CN,CN061,,,,2006,,3.365,3900900.0,1159260.0,
winter_wheat,CN,CN062,,,,2006,,2.282,1460300.0,639920.0,
winter_wheat,CN,CN064,,,,2006,,3.0,259600.0,86530.0,
winter_wheat,CN,CN065,,,,2006,,5.767,2848500.0,493890.0,
winter_wheat,CN,CN011,,,,2005,,5.017,267400.0,53300.0,
winter_wheat,CN,CN012,,,,2005,,4.825,453100.0,93900.0,
winter_wheat,CN,CN013,,,,2005,,4.84,11482500.0,2372170.0,
winter_wheat,CN,CN014,,,,2005,,2.807,2020000.0,719730.0,
winter_wheat,CN,CN021,,,,2005,,5.0,5000.0,1000.0,
winter_wheat,CN,CN031,,,,2005,,3.318,99200.0,29900.0,
winter_wheat,CN,CN032,,,,2005,,4.325,7285200.0,1684440.0,
winter_wheat,CN,CN033,,,,2005,,3.249,218100.0,67130.0,
winter_wheat,CN,CN034,,,,2005,,3.833,8081000.0,2108300.0,
winter_wheat,CN,CN035,,,,2005,,3.316,19500.0,5880.0,
winter_wheat,CN,CN036,,,,2005,,1.716,27300.0,15910.0,
winter_wheat,CN,CN037,,,,2005,,5.493,17984000.0,3273970.0,
winter_wheat,CN,CN041,,,,2005,,5.194,25776900.0,4962670.0,
winter_wheat,CN,CN042,,,,2005,,2.916,2088500.0,716190.0,
winter_wheat,CN,CN043,,,,2005,,2.04,134000.0,65700.0,
winter_wheat,CN,CN044,,,,2005,,2.85,18500.0,6500.0,
winter_wheat,CN,CN050,,,,2005,,2.812,786400.0,279670.0,
winter_wheat,CN,CN051,,,,2005,,3.386,4274000.0,1262330.0,
winter_wheat,CN,CN052,,,,2005,,1.778,730000.0,410630.0,
winter_wheat,CN,CN053,,,,2005,,2.007,1068600.0,532200.0,
winter_wheat,CN,CN054,,,,2005,,6.125,171200.0,27950.0,
winter_wheat,CN,CN061,,,,2005,,3.312,4012000.0,1211530.0,
winter_wheat,CN,CN062,,,,2005,,2.254,1424000.0,631870.0,
winter_wheat,CN,CN064,,,,2005,,1.535,137100.0,89320.0,
winter_wheat,CN,CN065,,,,2005,,5.767,2848500.0,493890.0,
winter_wheat,CN,CN011,,,,2004,,5.176,202600.0,39140.0,
winter_wheat,CN,CN012,,,,2004,,4.837,362000.0,74840.0,
winter_wheat,CN,CN013,,,,2004,,4.874,10520000.0,2158470.0,
winter_wheat,CN,CN014,,,,2004,,3.656,2368000.0,647700.0,
winter_wheat,CN,CN021,,,,2004,,2.941,10000.0,3400.0,
winter_wheat,CN,CN031,,,,2004,,3.632,79500.0,21890.0,
winter_wheat,CN,CN032,,,,2004,,4.295,6877000.0,1601170.0,
winter_wheat,CN,CN033,,,,2004,,3.198,190400.0,59530.0,
winter_wheat,CN,CN034,,,,2004,,3.836,7901000.0,2059900.0,
winter_wheat,CN,CN035,,,,2004,,3.107,19200.0,6180.0,
winter_wheat,CN,CN036,,,,2004,,1.537,29300.0,19060.0,
winter_wheat,CN,CN037,,,,2004,,5.363,15752000.0,2937000.0,
winter_wheat,CN,CN041,,,,2004,,5.109,24809300.0,4856000.0,
winter_wheat,CN,CN042,,,,2004,,2.924,1763000.0,602910.0,
winter_wheat,CN,CN043,,,,2004,,1.912,145600.0,76150.0,
winter_wheat,CN,CN044,,,,2004,,2.85,17100.0,6000.0,
winter_wheat,CN,CN050,,,,2004,,2.795,784000.0,280500.0,
winter_wheat,CN,CN051,,,,2004,,3.31,4157000.0,1255700.0,
winter_wheat,CN,CN052,,,,2004,,1.79,768000.0,429170.0,
winter_wheat,CN,CN053,,,,2004,,2.239,1216400.0,543160.0,
winter_wheat,CN,CN054,,,,2004,,7.548,204100.0,27040.0,
winter_wheat,CN,CN061,,,,2004,,3.559,4103000.0,1152700.0,
winter_wheat,CN,CN062,,,,2004,,2.511,1504200.0,599140.0,
winter_wheat,CN,CN064,,,,2004,,1.767,147100.0,83250.0,
winter_wheat,CN,CN065,,,,2004,,5.549,2279800.0,410830.0,
winter_wheat,CN,CN011,,,,2003,,5.144,184100.0,35790.0,
winter_wheat,CN,CN012,,,,2003,,4.586,359100.0,78300.0,
winter_wheat,CN,CN013,,,,2003,,4.646,10183600.0,2191730.0,
winter_wheat,CN,CN014,,,,2003,,3.553,2554300.0,719000.0,
winter_wheat,CN,CN021,,,,2003,,3.288,8000.0,2430.0,
winter_wheat,CN,CN031,,,,2003,,3.413,73900.0,21650.0,
winter_wheat,CN,CN032,,,,2003,,3.756,6087100.0,1620450.0,
winter_wheat,CN,CN033,,,,2003,,2.916,208400.0,71480.0,
winter_wheat,CN,CN034,,,,2003,,3.195,6428000.0,2012000.0,
winter_wheat,CN,CN035,,,,2003,,3.158,27700.0,8770.0,
winter_wheat,CN,CN036,,,,2003,,1.402,28900.0,20610.0,
winter_wheat,CN,CN037,,,,2003,,5.04,15648000.0,3104620.0,
winter_wheat,CN,CN041,,,,2003,,4.772,22925000.0,4804570.0,
winter_wheat,CN,CN042,,,,2003,,2.742,1654200.0,603190.0,
winter_wheat,CN,CN043,,,,2003,,1.91,164900.0,86330.0,
winter_wheat,CN,CN050,,,,2003,,2.597,838000.0,322730.0,
winter_wheat,CN,CN051,,,,2003,,3.232,4262000.0,1318670.0,
winter_wheat,CN,CN052,,,,2003,,1.573,746000.0,474300.0,
winter_wheat,CN,CN053,,,,2003,,2.191,1243200.0,567300.0,
winter_wheat,CN,CN054,,,,2003,,7.537,212400.0,28180.0,
winter_wheat,CN,CN061,,,,2003,,3.207,3955000.0,1233300.0,
winter_wheat,CN,CN062,,,,2003,,2.416,1518900.0,628730.0,
winter_wheat,CN,CN064,,,,2003,,1.606,186600.0,116160.0,
winter_wheat,CN,CN065,,,,2003,,5.452,2705400.0,496180.0,
winter_wheat,CN,CN011,,,,2002,,5.127,243000.0,47400.0,
winter_wheat,CN,CN012,,,,2002,,4.599,433000.0,94160.0,
winter_wheat,CN,CN013,,,,2002,,4.496,10945900.0,2434570.0,
winter_wheat,CN,CN014,,,,2002,,3.046,2427800.0,796930.0,
winter_wheat,CN,CN021,,,,2002,,2.2,11000.0,5000.0,
winter_wheat,CN,CN031,,,,2002,,3.302,103700.0,31410.0,
winter_wheat,CN,CN032,,,,2002,,3.756,6444500.0,1715850.0,
winter_wheat,CN,CN033,,,,2002,,2.698,254300.0,94240.0,
winter_wheat,CN,CN034,,,,2002,,3.324,6837000.0,2056870.0,
winter_wheat,CN,CN035,,,,2002,,2.851,67000.0,23500.0,
winter_wheat,CN,CN036,,,,2002,,1.515,43100.0,28450.0,
winter_wheat,CN,CN037,,,,2002,,4.554,15469200.0,3397150.0,
winter_wheat,CN,CN041,,,,2002,,4.63,22483900.0,4855700.0,
winter_wheat,CN,CN042,,,,2002,,2.159,1511700.0,700100.0,
winter_wheat,CN,CN043,,,,2002,,1.838,183400.0,99780.0,
winter_wheat,CN,CN050,,,,2002,,2.401,932000.0,388150.0,
winter_wheat,CN,CN051,,,,2002,,3.151,4591000.0,1456900.0,
winter_wheat,CN,CN052,,,,2002,,1.746,864000.0,494900.0,
winter_wheat,CN,CN053,,,,2002,,2.22,1341100.0,604220.0,
winter_wheat,CN,CN054,,,,2002,,7.26,208500.0,28720.0,
winter_wheat,CN,CN061,,,,2002,,2.987,4053000.0,1356700.0,
winter_wheat,CN,CN062,,,,2002,,2.524,1765600.0,699530.0,
winter_wheat,CN,CN064,,,,2002,,3.632,572000.0,157500.0,
winter_wheat,CN,CN065,,,,2002,,5.179,2644200.0,510530.0,
winter_wheat,CN,CN011,,,,2001,,5.041,366000.0,72600.0,
winter_wheat,CN,CN012,,,,2001,,4.226,450900.0,106700.0,
winter_wheat,CN,CN013,,,,2001,,4.352,11226900.0,2579780.0,
winter_wheat,CN,CN014,,,,2001,,2.771,2274000.0,820550.0,
winter_wheat,CN,CN015,,,,2001,,2.462,1271000.0,516200.0,
winter_wheat,CN,CN021,,,,2001,,1.565,154500.0,98750.0,
winter_wheat,CN,CN022,,,,2001,,2.152,115800.0,53800.0,
winter_wheat,CN,CN023,,,,2001,,2.216,938000.0,423300.0,
winter_wheat,CN,CN031,,,,2001,,3.918,125300.0,31980.0,
winter_wheat,CN,CN032,,,,2001,,4.11,7039000.0,1712810.0,
winter_wheat,CN,CN033,,,,2001,,3.054,370700.0,121400.0,
winter_wheat,CN,CN034,,,,2001,,3.783,7419000.0,1961200.0,
winter_wheat,CN,CN035,,,,2001,,2.862,87000.0,30400.0,
winter_wheat,CN,CN036,,,,2001,,1.54,59000.0,38300.0,
winter_wheat,CN,CN037,,,,2001,,4.668,16551500.0,3545750.0,
winter_wheat,CN,CN041,,,,2001,,4.79,22997100.0,4801570.0,
winter_wheat,CN,CN042,,,,2001,,2.894,2129500.0,735850.0,
winter_wheat,CN,CN043,,,,2001,,1.945,214000.0,110020.0,
winter_wheat,CN,CN044,,,,2001,,2.758,31000.0,11240.0,
winter_wheat,CN,CN045,,,,2001,,1.497,22000.0,14700.0,
winter_wheat,CN,CN050,,,,2001,,2.18,920000.0,422100.0,
winter_wheat,CN,CN051,,,,2001,,2.994,4487000.0,1498600.0,
winter_wheat,CN,CN052,,,,2001,,1.685,877000.0,520500.0,
winter_wheat,CN,CN053,,,,2001,,2.152,1378800.0,640710.0,
winter_wheat,CN,CN054,,,,2001,,6.054,284500.0,46990.0,
winter_wheat,CN,CN061,,,,2001,,2.855,4066300.0,1424240.0,
winter_wheat,CN,CN062,,,,2001,,2.634,2960900.0,1123950.0,
winter_wheat,CN,CN063,,,,2001,,3.284,513000.0,156200.0,
winter_wheat,CN,CN064,,,,2001,,2.793,836000.0,299300.0,
winter_wheat,CN,CN065,,,,2001,,4.982,3707700.0,744270.0,
winter_wheat,CN,CN011,,,,2000,,5.496,668600.0,121660.0,
winter_wheat,CN,CN012,,,,2000,,4.904,589000.0,120100.0,
winter_wheat,CN,CN013,,,,2000,,4.51,12076200.0,2677840.0,
winter_wheat,CN,CN014,,,,2000,,2.406,2140800.0,889700.0,
winter_wheat,CN,CN021,,,,2000,,4.426,27000.0,6100.0,
winter_wheat,CN,CN031,,,,2000,,4.326,247000.0,57100.0,
winter_wheat,CN,CN032,,,,2000,,4.074,7964000.0,1954600.0,
winter_wheat,CN,CN033,,,,2000,,3.104,551200.0,177570.0,
winter_wheat,CN,CN034,,,,2000,,3.325,7071000.0,2126400.0,
winter_wheat,CN,CN035,,,,2000,,2.842,110000.0,38700.0,
winter_wheat,CN,CN036,,,,2000,,1.537,79000.0,51400.0,
winter_wheat,CN,CN037,,,,2000,,4.963,18599200.0,3747800.0,
winter_wheat,CN,CN041,,,,2000,,4.542,22359500.0,4922330.0,
winter_wheat,CN,CN042,,,,2000,,2.765,2336900.0,845100.0,
winter_wheat,CN,CN043,,,,2000,,1.965,233000.0,118600.0,
winter_wheat,CN,CN050,,,,2000,,2.173,1013000.0,466200.0,
winter_wheat,CN,CN051,,,,2000,,3.315,5321000.0,1604950.0,
winter_wheat,CN,CN052,,,,2000,,1.824,1035000.0,567400.0,
winter_wheat,CN,CN053,,,,2000,,2.358,1492000.0,632800.0,
winter_wheat,CN,CN054,,,,2000,,6.386,245300.0,38410.0,
winter_wheat,CN,CN061,,,,2000,,2.734,4171000.0,1525500.0,
winter_wheat,CN,CN062,,,,2000,,1.424,1032400.0,725030.0,
winter_wheat,CN,CN064,,,,2000,,0.851,70000.0,82300.0,
winter_wheat,CN,CN065,,,,2000,,4.928,2773000.0,562750.0,
winter_wheat,CN,CN011,,,,1999,,5.685,955000.0,168000.0,
winter_wheat,CN,CN012,,,,1999,,5.043,696000.0,138000.0,
winter_wheat,CN,CN013,,,,1999,,4.691,12799900.0,2728410.0,
winter_wheat,CN,CN014,,,,1999,,2.901,2645400.0,911900.0,
winter_wheat,CN,CN021,,,,1999,,4.341,79100.0,18220.0,
winter_wheat,CN,CN031,,,,1999,,3.949,384000.0,97240.0,
winter_wheat,CN,CN032,,,,1999,,4.756,10708000.0,2251700.0,
winter_wheat,CN,CN033,,,,1999,,2.803,723000.0,257920.0,
winter_wheat,CN,CN034,,,,1999,,4.144,8525000.0,2057080.0,
winter_wheat,CN,CN035,,,,1999,,2.869,144000.0,50200.0,
winter_wheat,CN,CN036,,,,1999,,1.561,96000.0,61500.0,
winter_wheat,CN,CN037,,,,1999,,5.285,21176300.0,4006640.0,
winter_wheat,CN,CN041,,,,1999,,4.691,22914600.0,4884590.0,
winter_wheat,CN,CN042,,,,1999,,2.836,3046700.0,1074430.0,
winter_wheat,CN,CN043,,,,1999,,1.704,221000.0,129730.0,
winter_wheat,CN,CN045,,,,1999,,1.316,26000.0,19750.0,
winter_wheat,CN,CN050,,,,1999,,1.99,1058000.0,531600.0,
winter_wheat,CN,CN051,,,,1999,,2.986,5430000.0,1818270.0,
winter_wheat,CN,CN052,,,,1999,,1.804,1076000.0,596300.0,
winter_wheat,CN,CN053,,,,1999,,2.144,1474900.0,687810.0,
winter_wheat,CN,CN054,,,,1999,,5.956,238000.0,39960.0,
winter_wheat,CN,CN061,,,,1999,,2.554,4035000.0,1580180.0,
winter_wheat,CN,CN062,,,,1999,,1.761,1288100.0,731380.0,
winter_wheat,CN,CN064,,,,1999,,0.601,48000.0,79840.0,
winter_wheat,CN,CN065,,,,1999,,5.081,2839000.0,558730.0,
winter_wheat,CN,CN011,,,,1998,,5.648,967000.0,171200.0,
winter_wheat,CN,CN012,,,,1998,,5.037,743000.0,147500.0,
winter_wheat,CN,CN013,,,,1998,,4.536,12530000.0,2762140.0,
winter_wheat,CN,CN014,,,,1998,,3.345,3170000.0,947580.0,
winter_wheat,CN,CN021,,,,1998,,4.754,81100.0,17060.0,
winter_wheat,CN,CN031,,,,1998,,2.995,311300.0,103940.0,
winter_wheat,CN,CN032,,,,1998,,3.282,7597000.0,2315000.0,
winter_wheat,CN,CN033,,,,1998,,2.399,612000.0,255100.0,
winter_wheat,CN,CN034,,,,1998,,2.858,5975000.0,2090300.0,
winter_wheat,CN,CN035,,,,1998,,2.799,154000.0,55020.0,
winter_wheat,CN,CN036,,,,1998,,1.398,92000.0,65800.0,
winter_wheat,CN,CN037,,,,1998,,5.084,20244800.0,3981950.0,
winter_wheat,CN,CN041,,,,1998,,4.177,20735300.0,4963980.0,
winter_wheat,CN,CN042,,,,1998,,3.38,4093300.0,1211200.0,
winter_wheat,CN,CN043,,,,1998,,1.775,256600.0,144570.0,
winter_wheat,CN,CN045,,,,1998,,1.373,35000.0,25500.0,
winter_wheat,CN,CN050,,,,1998,,2.382,1306000.0,548200.0,
winter_wheat,CN,CN051,,,,1998,,3.224,6011000.0,1864600.0,
winter_wheat,CN,CN052,,,,1998,,1.801,1089000.0,604500.0,
winter_wheat,CN,CN053,,,,1998,,2.142,1483600.0,692770.0,
winter_wheat,CN,CN054,,,,1998,,5.427,210900.0,38860.0,
winter_wheat,CN,CN061,,,,1998,,3.132,5032000.0,1606600.0,
winter_wheat,CN,CN062,,,,1998,,2.589,1919800.0,741610.0,
winter_wheat,CN,CN065,,,,1998,,5.541,3146000.0,567760.0,
winter_wheat,CN,CN011,,,,1997,,5.628,964000.0,171300.0,
winter_wheat,CN,CN012,,,,1997,,5.246,767000.0,146200.0,
winter_wheat,CN,CN013,,,,1997,,4.893,13297500.0,2717520.0,
winter_wheat,CN,CN014,,,,1997,,3.674,3433900.0,934730.0,
winter_wheat,CN,CN021,,,,1997,,4.286,56700.0,13230.0,
winter_wheat,CN,CN031,,,,1997,,4.118,343000.0,83300.0,
winter_wheat,CN,CN032,,,,1997,,4.547,10647000.0,2341400.0,
winter_wheat,CN,CN033,,,,1997,,2.94,721000.0,245200.0,
winter_wheat,CN,CN034,,,,1997,,4.403,9412000.0,2137400.0,
winter_wheat,CN,CN035,,,,1997,,2.852,172000.0,60300.0,
winter_wheat,CN,CN036,,,,1997,,1.456,107000.0,73500.0,
winter_wheat,CN,CN037,,,,1997,,5.551,22412800.0,4037590.0,
winter_wheat,CN,CN041,,,,1997,,4.815,23723500.0,4927320.0,
winter_wheat,CN,CN042,,,,1997,,3.5,4468000.0,1276490.0,
winter_wheat,CN,CN043,,,,1997,,1.785,291100.0,163050.0,
winter_wheat,CN,CN045,,,,1997,,1.505,48000.0,31900.0,
winter_wheat,CN,CN050,,,,1997,,2.308,1284000.0,556300.0,
winter_wheat,CN,CN051,,,,1997,,3.341,5898000.0,1765300.0,
winter_wheat,CN,CN052,,,,1997,,1.809,1079000.0,596600.0,
winter_wheat,CN,CN053,,,,1997,,2.362,1623000.0,687070.0,
winter_wheat,CN,CN054,,,,1997,,5.491,212000.0,38610.0,
winter_wheat,CN,CN061,,,,1997,,3.519,5600000.0,1591400.0,
winter_wheat,CN,CN062,,,,1997,,1.795,1303900.0,726320.0,
winter_wheat,CN,CN065,,,,1997,,4.606,2970100.0,644780.0,
winter_wheat,CN,CN011,,,,1996,,5.488,939000.0,171100.0,
winter_wheat,CN,CN012,,,,1996,,4.619,657500.0,142360.0,
winter_wheat,CN,CN013,,,,1996,,4.397,11383100.0,2588920.0,
winter_wheat,CN,CN014,,,,1996,,3.197,2937000.0,918660.0,
winter_wheat,CN,CN021,,,,1996,,4.287,40900.0,9540.0,
winter_wheat,CN,CN031,,,,1996,,4.135,270000.0,65300.0,
winter_wheat,CN,CN032,,,,1996,,4.576,10142500.0,2216260.0,
winter_wheat,CN,CN033,,,,1996,,2.812,625000.0,222300.0,
winter_wheat,CN,CN034,,,,1996,,3.622,7483000.0,2065700.0,
winter_wheat,CN,CN035,,,,1996,,2.793,179000.0,64100.0,
winter_wheat,CN,CN036,,,,1996,,1.347,97000.0,72000.0,
winter_wheat,CN,CN037,,,,1996,,5.092,20527400.0,4031640.0,
winter_wheat,CN,CN041,,,,1996,,4.163,20267600.0,4868170.0,
winter_wheat,CN,CN042,,,,1996,,3.079,3787500.0,1230140.0,
winter_wheat,CN,CN043,,,,1996,,1.786,304200.0,170350.0,
winter_wheat,CN,CN045,,,,1996,,1.31,33000.0,25200.0,
winter_wheat,CN,CN051,,,,1996,,3.046,7203000.0,2364900.0,
winter_wheat,CN,CN052,,,,1996,,1.782,1041000.0,584200.0,
winter_wheat,CN,CN053,,,,1996,,2.208,1457000.0,659830.0,
winter_wheat,CN,CN054,,,,1996,,5.452,193000.0,35400.0,
winter_wheat,CN,CN061,,,,1996,,2.533,4024000.0,1588700.0,
winter_wheat,CN,CN062,,,,1996,,1.813,1318400.0,727100.0,
winter_wheat,CN,CN065,,,,1996,,4.746,3036600.0,639790.0,
winter_wheat,CN,CN011,,,,1995,,5.852,1003000.0,171400.0,
winter_wheat,CN,CN012,,,,1995,,4.682,641000.0,136900.0,
winter_wheat,CN,CN013,,,,1995,,4.241,10600000.0,2499600.0,
winter_wheat,CN,CN014,,,,1995,,2.971,2647000.0,890800.0,
winter_wheat,CN,CN021,,,,1995,,5.349,23000.0,4300.0,
winter_wheat,CN,CN031,,,,1995,,3.895,238000.0,61100.0,
winter_wheat,CN,CN032,,,,1995,,4.151,8926000.0,2150400.0,
winter_wheat,CN,CN033,,,,1995,,2.598,541000.0,208200.0,
winter_wheat,CN,CN034,,,,1995,,3.509,6991000.0,1992500.0,
winter_wheat,CN,CN035,,,,1995,,2.692,186000.0,69100.0,
winter_wheat,CN,CN036,,,,1995,,1.25,75000.0,60000.0,
winter_wheat,CN,CN037,,,,1995,,5.138,20607000.0,4010900.0,
winter_wheat,CN,CN041,,,,1995,,3.644,17542000.0,4814000.0,
winter_wheat,CN,CN042,,,,1995,,3.082,3636000.0,1179900.0,
winter_wheat,CN,CN043,,,,1995,,1.606,271000.0,168700.0,
winter_wheat,CN,CN045,,,,1995,,1.296,28000.0,21600.0,
winter_wheat,CN,CN051,,,,1995,,3.134,7309000.0,2332000.0,
winter_wheat,CN,CN052,,,,1995,,1.918,1078000.0,562000.0,
winter_wheat,CN,CN053,,,,1995,,2.203,1370000.0,622000.0,
winter_wheat,CN,CN054,,,,1995,,5.582,187000.0,33500.0,
winter_wheat,CN,CN061,,,,1995,,2.565,4104000.0,1600200.0,
winter_wheat,CN,CN062,,,,1995,,1.169,844000.0,722040.0,
winter_wheat,CN,CN064,,,,1995,,0.659,45000.0,68300.0,
winter_wheat,CN,CN065,,,,1995,,4.606,2797000.0,607200.0,
winter_wheat,CN,CN011,,,,1994,,5.925,961600.0,162300.0,
winter_wheat,CN,CN012,,,,1994,,4.297,498000.0,115900.0,
winter_wheat,CN,CN013,,,,1994,,3.755,9212000.0,2453500.0,
winter_wheat,CN,CN014,,,,1994,,2.978,2867000.0,962600.0,
winter_wheat,CN,CN021,,,,1994,,2.812,9000.0,3200.0,
winter_wheat,CN,CN031,,,,1994,,3.403,212000.0,62300.0,
winter_wheat,CN,CN032,,,,1994,,4.15,8774000.0,2114300.0,
winter_wheat,CN,CN033,,,,1994,,2.522,544000.0,215700.0,
winter_wheat,CN,CN034,,,,1994,,3.522,7102000.0,2016400.0,
winter_wheat,CN,CN035,,,,1994,,2.616,198000.0,75700.0,
winter_wheat,CN,CN036,,,,1994,,1.241,91000.0,73300.0,
winter_wheat,CN,CN037,,,,1994,,4.783,19366000.0,4049000.0,
winter_wheat,CN,CN041,,,,1994,,3.733,17984000.0,4817500.0,
winter_wheat,CN,CN042,,,,1994,,3.127,3833000.0,1225600.0,
winter_wheat,CN,CN043,,,,1994,,1.604,286000.0,178300.0,
winter_wheat,CN,CN044,,,,1994,,2.559,65000.0,25400.0,
winter_wheat,CN,CN045,,,,1994,,1.136,15000.0,13200.0,
winter_wheat,CN,CN051,,,,1994,,3.05,7043000.0,2309500.0,
winter_wheat,CN,CN052,,,,1994,,1.707,962000.0,563600.0,
winter_wheat,CN,CN053,,,,1994,,1.992,1252000.0,628500.0,
winter_wheat,CN,CN054,,,,1994,,5.369,182000.0,33900.0,
winter_wheat,CN,CN061,,,,1994,,2.492,4009000.0,1608800.0,
winter_wheat,CN,CN062,,,,1994,,1.801,1327000.0,736800.0,
winter_wheat,CN,CN064,,,,1994,,1.006,64000.0,63600.0,
winter_wheat,CN,CN065,,,,1994,,4.058,2306000.0,568200.0,
winter_wheat,CN,CN011,,,,1993,,5.901,1045000.0,177100.0,
winter_wheat,CN,CN012,,,,1993,,4.286,582000.0,135800.0,
winter_wheat,CN,CN013,,,,1993,,3.573,9014000.0,2523100.0,
winter_wheat,CN,CN014,,,,1993,,3.189,3119000.0,977900.0,
winter_wheat,CN,CN021,,,,1993,,3.864,17000.0,4400.0,
winter_wheat,CN,CN031,,,,1993,,3.773,286000.0,75800.0,
winter_wheat,CN,CN032,,,,1993,,4.128,9419000.0,2281700.0,
winter_wheat,CN,CN033,,,,1993,,2.793,694000.0,248500.0,
winter_wheat,CN,CN034,,,,1993,,3.439,7169000.0,2084900.0,
winter_wheat,CN,CN035,,,,1993,,2.539,212000.0,83500.0,
winter_wheat,CN,CN036,,,,1993,,1.284,95000.0,74000.0,
winter_wheat,CN,CN037,,,,1993,,4.658,19360000.0,4156000.0,
winter_wheat,CN,CN041,,,,1993,,3.971,19220000.0,4840000.0,
winter_wheat,CN,CN042,,,,1993,,3.042,3867000.0,1271200.0,
winter_wheat,CN,CN043,,,,1993,,1.571,278000.0,177000.0,
winter_wheat,CN,CN045,,,,1993,,1.206,17000.0,14100.0,
winter_wheat,CN,CN051,,,,1993,,3.011,6908000.0,2294300.0,
winter_wheat,CN,CN052,,,,1993,,2.488,1373000.0,551900.0,
winter_wheat,CN,CN053,,,,1993,,2.224,1296000.0,582700.0,
winter_wheat,CN,CN054,,,,1993,,4.823,150000.0,31100.0,
winter_wheat,CN,CN061,,,,1993,,3.023,4923000.0,1628500.0,
winter_wheat,CN,CN062,,,,1993,,2.243,1655000.0,738000.0,
winter_wheat,CN,CN064,,,,1993,,1.572,94000.0,59800.0,
winter_wheat,CN,CN065,,,,1993,,4.007,2953000.0,736900.0,
winter_wheat,CN,CN011,,,,1992,,5.808,1110000.0,191100.0,
winter_wheat,CN,CN012,,,,1992,,4.385,613000.0,139800.0,
winter_wheat,CN,CN013,,,,1992,,3.612,9169000.0,2538700.0,
winter_wheat,CN,CN014,,,,1992,,2.641,2614000.0,989900.0,
winter_wheat,CN,CN021,,,,1992,,3.043,14000.0,4600.0,
winter_wheat,CN,CN031,,,,1992,,3.964,308000.0,77700.0,
winter_wheat,CN,CN032,,,,1992,,4.252,10061000.0,2366300.0,
winter_wheat,CN,CN033,,,,1992,,2.653,801000.0,301900.0,
winter_wheat,CN,CN034,,,,1992,,3.113,6118000.0,1965300.0,
winter_wheat,CN,CN035,,,,1992,,1.785,221000.0,123800.0,
winter_wheat,CN,CN036,,,,1992,,1.159,84000.0,72500.0,
winter_wheat,CN,CN037,,,,1992,,4.548,18783000.0,4129700.0,
winter_wheat,CN,CN041,,,,1992,,3.502,16507000.0,4713200.0,
winter_wheat,CN,CN042,,,,1992,,2.891,3723000.0,1287900.0,
winter_wheat,CN,CN043,,,,1992,,1.4,301000.0,215000.0,
winter_wheat,CN,CN044,,,,1992,,1.924,146000.0,75900.0,
winter_wheat,CN,CN045,,,,1992,,1.127,16000.0,14200.0,
winter_wheat,CN,CN051,,,,1992,,3.128,7183000.0,2296100.0,
winter_wheat,CN,CN052,,,,1992,,1.921,976000.0,508100.0,
winter_wheat,CN,CN053,,,,1992,,2.153,1270000.0,590000.0,
winter_wheat,CN,CN054,,,,1992,,4.823,150000.0,31100.0,
winter_wheat,CN,CN061,,,,1992,,2.52,4183000.0,1660200.0,
winter_wheat,CN,CN062,,,,1992,,1.69,1217000.0,720300.0,
winter_wheat,CN,CN064,,,,1992,,1.282,40000.0,31200.0,
winter_wheat,CN,CN065,,,,1992,,3.862,2794000.0,723400.0,
winter_wheat,CN,CN011,,,,1991,,5.664,1075000.0,189800.0,
winter_wheat,CN,CN012,,,,1991,,4.321,604000.0,139770.0,
winter_wheat,CN,CN013,,,,1991,,3.562,8993000.0,2524600.0,
winter_wheat,CN,CN014,,,,1991,,3.032,3011000.0,993070.0,
winter_wheat,CN,CN021,,,,1991,,2.917,7000.0,2400.0,
winter_wheat,CN,CN031,,,,1991,,3.64,305000.0,83800.0,
winter_wheat,CN,CN032,,,,1991,,3.584,8475000.0,2364900.0,
winter_wheat,CN,CN033,,,,1991,,2.264,721000.0,318400.0,
winter_wheat,CN,CN034,,,,1991,,1.529,3154000.0,2063300.0,
winter_wheat,CN,CN035,,,,1991,,2.419,305000.0,126100.0,
winter_wheat,CN,CN036,,,,1991,,1.049,75000.0,71500.0,
winter_wheat,CN,CN037,,,,1991,,4.501,18894000.0,4197500.0,
winter_wheat,CN,CN041,,,,1991,,3.24,15543000.0,4796700.0,
winter_wheat,CN,CN042,,,,1991,,2.885,3887000.0,1347500.0,
winter_wheat,CN,CN043,,,,1991,,1.575,351000.0,222800.0,
winter_wheat,CN,CN044,,,,1991,,2.626,229000.0,87200.0,
winter_wheat,CN,CN045,,,,1991,,1.006,17000.0,16900.0,
winter_wheat,CN,CN051,,,,1991,,3.131,7140000.0,2280700.0,
winter_wheat,CN,CN052,,,,1991,,1.78,863000.0,484700.0,
winter_wheat,CN,CN053,,,,1991,,1.979,1153000.0,582500.0,
winter_wheat,CN,CN054,,,,1991,,4.994,134000.0,26830.0,
winter_wheat,CN,CN061,,,,1991,,2.643,4416000.0,1670830.0,
winter_wheat,CN,CN062,,,,1991,,2.179,1593000.0,730970.0,
winter_wheat,CN,CN064,,,,1991,,1.108,63000.0,56830.0,
winter_wheat,CN,CN065,,,,1991,,3.583,2672000.0,745700.0,
winter_wheat,CN,CN011,,,,1990,,5.401,1002000.0,185530.0,
winter_wheat,CN,CN012,,,,1990,,4.5,604000.0,134230.0,
winter_wheat,CN,CN013,,,,1990,,3.699,9263000.0,2503970.0,
winter_wheat,CN,CN014,,,,1990,,3.163,3105000.0,981770.0,
winter_wheat,CN,CN021,,,,1990,,3.158,6000.0,1900.0,
winter_wheat,CN,CN031,,,,1990,,3.774,291000.0,77100.0,
winter_wheat,CN,CN032,,,,1990,,3.85,9237000.0,2399200.0,
winter_wheat,CN,CN033,,,,1990,,2.745,872000.0,317700.0,
winter_wheat,CN,CN034,,,,1990,,2.883,5980000.0,2074300.0,
winter_wheat,CN,CN035,,,,1990,,2.237,277000.0,123800.0,
winter_wheat,CN,CN036,,,,1990,,1.083,81000.0,74800.0,
winter_wheat,CN,CN037,,,,1990,,3.887,16121000.0,4147200.0,
winter_wheat,CN,CN041,,,,1990,,3.429,16399000.0,4782700.0,
winter_wheat,CN,CN042,,,,1990,,2.893,3911000.0,1352100.0,
winter_wheat,CN,CN043,,,,1990,,1.436,289000.0,201300.0,
winter_wheat,CN,CN044,,,,1990,,2.399,219000.0,91300.0,
winter_wheat,CN,CN045,,,,1990,,0.898,22000.0,24500.0,
winter_wheat,CN,CN051,,,,1990,,3.085,6853000.0,2221200.0,
winter_wheat,CN,CN052,,,,1990,,1.628,718000.0,441000.0,
winter_wheat,CN,CN053,,,,1990,,1.801,1026000.0,569600.0,
winter_wheat,CN,CN054,,,,1990,,4.265,116000.0,27200.0,
winter_wheat,CN,CN061,,,,1990,,2.751,4604000.0,1673700.0,
winter_wheat,CN,CN062,,,,1990,,2.047,1489000.0,727230.0,
winter_wheat,CN,CN064,,,,1990,,1.38,71000.0,51430.0,
winter_wheat,CN,CN065,,,,1990,,3.582,2668000.0,744770.0,
